case_id,alert_id,case_outcome
CASE0,ALT973,Normal
CASE1,ALT368,Normal
CASE2,ALT4131,False Positive
CASE3,ALT4162,Confirmed Fraud
CASE4,ALT6198,Confirmed Fraud
CASE5,ALT2230,Monitoring
CASE6,ALT6712,Normal
CASE7,ALT872,Normal
CASE8,ALT1026,Confirmed Fraud
CASE9,ALT1206,Normal
CASE10,ALT4139,Confirmed Fraud
CASE11,ALT2317,Confirmed Fraud
CASE12,ALT1938,Confirmed Fraud
CASE13,ALT486,Confirmed Fraud
CASE14,ALT1813,Confirmed Fraud
CASE15,ALT4538,Normal
CASE16,ALT3233,Normal
CASE17,ALT535,Normal
CASE18,ALT365,Confirmed Fraud
CASE19,ALT6861,Confirmed Fraud
CASE20,ALT7925,Confirmed Fraud
CASE21,ALT2137,Monitoring
CASE22,ALT7698,False Negative
CASE23,ALT7615,Monitoring
CASE24,ALT2683,Normal
CASE25,ALT7920,Normal
CASE26,ALT2459,Confirmed Fraud
CASE27,ALT6413,Confirmed Fraud
CASE28,ALT4845,Normal
CASE29,ALT2740,Normal
CASE30,ALT5618,Monitoring
CASE31,ALT6597,Normal
CASE32,ALT475,Normal
CASE33,ALT2082,False Negative
CASE34,ALT21,Confirmed Fraud
CASE35,ALT7479,Confirmed Fraud
CASE36,ALT7518,Confirmed Fraud
CASE37,ALT2673,Confirmed Fraud
CASE38,ALT6099,Confirmed Fraud
CASE39,ALT6304,Confirmed Fraud
CASE40,ALT7143,Monitoring
CASE41,ALT5015,Confirmed Fraud
CASE42,ALT5828,Confirmed Fraud
CASE43,ALT1900,Monitoring
CASE44,ALT7355,Normal
CASE45,ALT708,Monitoring
CASE46,ALT6294,Normal
CASE47,ALT5982,Normal
CASE48,ALT6903,Confirmed Fraud
CASE49,ALT2389,Confirmed Fraud
CASE50,ALT5933,Confirmed Fraud
CASE51,ALT3361,False Positive
CASE52,ALT3211,Confirmed Fraud
CASE53,ALT5042,Confirmed Fraud
CASE54,ALT5843,Confirmed Fraud
CASE55,ALT1093,False Positive
CASE56,ALT4607,Confirmed Fraud
CASE57,ALT5074,Confirmed Fraud
CASE58,ALT4831,Confirmed Fraud
CASE59,ALT4522,Monitoring
CASE60,ALT2798,Normal
CASE61,ALT3084,Normal
CASE62,ALT1513,Normal
CASE63,ALT82,Monitoring
CASE64,ALT6101,False Positive
CASE65,ALT2632,Normal
CASE66,ALT3382,Normal
CASE67,ALT5764,Confirmed Fraud
CASE68,ALT7837,Confirmed Fraud
CASE69,ALT1025,False Negative
CASE70,ALT2087,Confirmed Fraud
CASE71,ALT3329,Confirmed Fraud
CASE72,ALT2096,Confirmed Fraud
CASE73,ALT4528,Confirmed Fraud
CASE74,ALT4868,Normal
CASE75,ALT3310,Confirmed Fraud
CASE76,ALT5405,Monitoring
CASE77,ALT3142,Confirmed Fraud
CASE78,ALT1656,False Positive
CASE79,ALT4616,Confirmed Fraud
CASE80,ALT3471,Confirmed Fraud
CASE81,ALT3104,Normal
CASE82,ALT335,Normal
CASE83,ALT2900,Normal
CASE84,ALT5190,Confirmed Fraud
CASE85,ALT7284,Confirmed Fraud
CASE86,ALT6284,Normal
CASE87,ALT2198,Confirmed Fraud
CASE88,ALT7680,Normal
CASE89,ALT1860,Confirmed Fraud
CASE90,ALT5560,Confirmed Fraud
CASE91,ALT6735,False Positive
CASE92,ALT4854,Confirmed Fraud
CASE93,ALT4543,Confirmed Fraud
CASE94,ALT2706,Normal
CASE95,ALT4957,Confirmed Fraud
CASE96,ALT6673,Monitoring
CASE97,ALT7313,False Negative
CASE98,ALT3690,Monitoring
CASE99,ALT5823,Normal
CASE100,ALT1029,Confirmed Fraud
CASE101,ALT7669,Confirmed Fraud
CASE102,ALT7771,Confirmed Fraud
CASE103,ALT6169,Confirmed Fraud
CASE104,ALT5325,Normal
CASE105,ALT4973,Normal
CASE106,ALT3422,Monitoring
CASE107,ALT3081,Confirmed Fraud
CASE108,ALT6842,Confirmed Fraud
CASE109,ALT6371,Confirmed Fraud
CASE110,ALT1892,Confirmed Fraud
CASE111,ALT3512,Monitoring
CASE112,ALT4338,Confirmed Fraud
CASE113,ALT5915,Confirmed Fraud
CASE114,ALT4998,Confirmed Fraud
CASE115,ALT7454,Normal
CASE116,ALT976,Normal
CASE117,ALT3459,Normal
CASE118,ALT2895,Confirmed Fraud
CASE119,ALT4290,Normal
CASE120,ALT6845,Confirmed Fraud
CASE121,ALT2461,Confirmed Fraud
CASE122,ALT6395,Confirmed Fraud
CASE123,ALT6924,False Positive
CASE124,ALT7878,False Negative
CASE125,ALT3765,Confirmed Fraud
CASE126,ALT2809,Confirmed Fraud
CASE127,ALT1017,Confirmed Fraud
CASE128,ALT3689,Normal
CASE129,ALT3720,Confirmed Fraud
CASE130,ALT4897,Confirmed Fraud
CASE131,ALT4513,Monitoring
CASE132,ALT3510,Normal
CASE133,ALT7343,Monitoring
CASE134,ALT1613,Normal
CASE135,ALT2217,Normal
CASE136,ALT6907,False Negative
CASE137,ALT3151,Confirmed Fraud
CASE138,ALT115,Confirmed Fraud
CASE139,ALT1701,Confirmed Fraud
CASE140,ALT7032,Confirmed Fraud
CASE141,ALT4238,Confirmed Fraud
CASE142,ALT6551,Confirmed Fraud
CASE143,ALT124,Confirmed Fraud
CASE144,ALT6245,Normal
CASE145,ALT6362,Confirmed Fraud
CASE146,ALT4196,Confirmed Fraud
CASE147,ALT3026,Normal
CASE148,ALT6619,Confirmed Fraud
CASE149,ALT4342,Confirmed Fraud
CASE150,ALT4370,Confirmed Fraud
CASE151,ALT4679,Normal
CASE152,ALT7500,Normal
CASE153,ALT5837,Confirmed Fraud
CASE154,ALT721,Confirmed Fraud
CASE155,ALT1368,Normal
CASE156,ALT7429,Monitoring
CASE157,ALT6040,Confirmed Fraud
CASE158,ALT2046,Confirmed Fraud
CASE159,ALT1556,Confirmed Fraud
CASE160,ALT6472,Normal
CASE161,ALT1629,Normal
CASE162,ALT2740,Monitoring
CASE163,ALT7469,Confirmed Fraud
CASE164,ALT7298,Confirmed Fraud
CASE165,ALT7073,Confirmed Fraud
CASE166,ALT7253,Confirmed Fraud
CASE167,ALT1531,Normal
CASE168,ALT3002,Confirmed Fraud
CASE169,ALT4288,Confirmed Fraud
CASE170,ALT6302,Confirmed Fraud
CASE171,ALT5510,Normal
CASE172,ALT1540,False Negative
CASE173,ALT2088,Confirmed Fraud
CASE174,ALT585,Confirmed Fraud
CASE175,ALT2563,Normal
CASE176,ALT5242,False Negative
CASE177,ALT2356,False Negative
CASE178,ALT2608,Normal
CASE179,ALT5454,Normal
CASE180,ALT7913,Confirmed Fraud
CASE181,ALT6276,Normal
CASE182,ALT3044,Monitoring
CASE183,ALT593,False Positive
CASE184,ALT4323,Confirmed Fraud
CASE185,ALT7593,Confirmed Fraud
CASE186,ALT7976,Monitoring
CASE187,ALT725,Confirmed Fraud
CASE188,ALT2308,False Negative
CASE189,ALT5786,Confirmed Fraud
CASE190,ALT4627,False Positive
CASE191,ALT5521,False Positive
CASE192,ALT3403,Normal
CASE193,ALT7912,Confirmed Fraud
CASE194,ALT5854,Confirmed Fraud
CASE195,ALT3685,Confirmed Fraud
CASE196,ALT5573,Confirmed Fraud
CASE197,ALT5634,Confirmed Fraud
CASE198,ALT2757,Normal
CASE199,ALT574,Confirmed Fraud
CASE200,ALT2992,Normal
CASE201,ALT3715,Normal
CASE202,ALT3697,False Positive
CASE203,ALT6564,Confirmed Fraud
CASE204,ALT4304,Normal
CASE205,ALT7702,Confirmed Fraud
CASE206,ALT3669,Confirmed Fraud
CASE207,ALT7596,Confirmed Fraud
CASE208,ALT5039,Monitoring
CASE209,ALT7442,Normal
CASE210,ALT4465,Monitoring
CASE211,ALT7319,Monitoring
CASE212,ALT7482,False Positive
CASE213,ALT4163,Normal
CASE214,ALT5161,Normal
CASE215,ALT5649,Confirmed Fraud
CASE216,ALT4308,Normal
CASE217,ALT6315,Normal
CASE218,ALT7606,Confirmed Fraud
CASE219,ALT19,Confirmed Fraud
CASE220,ALT605,Confirmed Fraud
CASE221,ALT3958,Confirmed Fraud
CASE222,ALT3788,Confirmed Fraud
CASE223,ALT752,False Negative
CASE224,ALT1474,Confirmed Fraud
CASE225,ALT4424,Confirmed Fraud
CASE226,ALT7150,False Positive
CASE227,ALT5378,False Positive
CASE228,ALT7319,Confirmed Fraud
CASE229,ALT4742,Normal
CASE230,ALT2943,Confirmed Fraud
CASE231,ALT7171,Confirmed Fraud
CASE232,ALT2873,Normal
CASE233,ALT6756,Monitoring
CASE234,ALT2976,Confirmed Fraud
CASE235,ALT2433,False Negative
CASE236,ALT4633,Confirmed Fraud
CASE237,ALT2537,Confirmed Fraud
CASE238,ALT1851,Normal
CASE239,ALT5234,Confirmed Fraud
CASE240,ALT401,Confirmed Fraud
CASE241,ALT4122,Normal
CASE242,ALT4596,Confirmed Fraud
CASE243,ALT1197,Normal
CASE244,ALT2872,Normal
CASE245,ALT4857,Monitoring
CASE246,ALT3992,Monitoring
CASE247,ALT2179,Confirmed Fraud
CASE248,ALT2829,Normal
CASE249,ALT2848,Confirmed Fraud
CASE250,ALT1989,Confirmed Fraud
CASE251,ALT471,Confirmed Fraud
CASE252,ALT692,Normal
CASE253,ALT3308,Confirmed Fraud
CASE254,ALT1681,Confirmed Fraud
CASE255,ALT972,Confirmed Fraud
CASE256,ALT7688,Confirmed Fraud
CASE257,ALT5736,Monitoring
CASE258,ALT4822,Confirmed Fraud
CASE259,ALT4964,Normal
CASE260,ALT2817,Normal
CASE261,ALT5107,Confirmed Fraud
CASE262,ALT1099,Confirmed Fraud
CASE263,ALT4132,Confirmed Fraud
CASE264,ALT1539,Normal
CASE265,ALT563,Normal
CASE266,ALT2811,False Positive
CASE267,ALT3676,Normal
CASE268,ALT919,Confirmed Fraud
CASE269,ALT7088,Monitoring
CASE270,ALT6450,Normal
CASE271,ALT1025,Confirmed Fraud
CASE272,ALT6421,Confirmed Fraud
CASE273,ALT5927,Confirmed Fraud
CASE274,ALT3901,Normal
CASE275,ALT7539,False Positive
CASE276,ALT7388,Confirmed Fraud
CASE277,ALT245,Normal
CASE278,ALT3818,Confirmed Fraud
CASE279,ALT4573,Confirmed Fraud
CASE280,ALT4187,Confirmed Fraud
CASE281,ALT7041,False Positive
CASE282,ALT1118,Normal
CASE283,ALT2664,Normal
CASE284,ALT2534,Confirmed Fraud
CASE285,ALT3574,Confirmed Fraud
CASE286,ALT6141,Normal
CASE287,ALT3605,Normal
CASE288,ALT550,Confirmed Fraud
CASE289,ALT6099,Normal
CASE290,ALT970,Confirmed Fraud
CASE291,ALT7026,False Positive
CASE292,ALT2965,Normal
CASE293,ALT2110,Confirmed Fraud
CASE294,ALT2087,Normal
CASE295,ALT2091,Normal
CASE296,ALT7941,Normal
CASE297,ALT6326,Normal
CASE298,ALT5627,Confirmed Fraud
CASE299,ALT5340,False Negative
CASE300,ALT4730,False Negative
CASE301,ALT4590,Confirmed Fraud
CASE302,ALT7947,Confirmed Fraud
CASE303,ALT2319,Normal
CASE304,ALT2095,Confirmed Fraud
CASE305,ALT5501,Confirmed Fraud
CASE306,ALT7552,Normal
CASE307,ALT6645,Confirmed Fraud
CASE308,ALT7759,Confirmed Fraud
CASE309,ALT525,Confirmed Fraud
CASE310,ALT3151,False Negative
CASE311,ALT1444,Confirmed Fraud
CASE312,ALT2347,Confirmed Fraud
CASE313,ALT2315,Normal
CASE314,ALT6149,Confirmed Fraud
CASE315,ALT1057,Normal
CASE316,ALT13,Normal
CASE317,ALT4502,Normal
CASE318,ALT452,Monitoring
CASE319,ALT5687,Confirmed Fraud
CASE320,ALT6913,Normal
CASE321,ALT861,Confirmed Fraud
CASE322,ALT5513,Confirmed Fraud
CASE323,ALT482,Confirmed Fraud
CASE324,ALT429,Confirmed Fraud
CASE325,ALT4084,Confirmed Fraud
CASE326,ALT1683,Normal
CASE327,ALT1426,Confirmed Fraud
CASE328,ALT6772,Confirmed Fraud
CASE329,ALT904,Normal
CASE330,ALT5940,Confirmed Fraud
CASE331,ALT3012,Normal
CASE332,ALT3920,False Negative
CASE333,ALT5144,False Negative
CASE334,ALT7350,Monitoring
CASE335,ALT3342,Confirmed Fraud
CASE336,ALT6522,Monitoring
CASE337,ALT4543,Confirmed Fraud
CASE338,ALT4067,False Negative
CASE339,ALT6938,Confirmed Fraud
CASE340,ALT6727,Confirmed Fraud
CASE341,ALT237,Normal
CASE342,ALT3754,Confirmed Fraud
CASE343,ALT1487,Normal
CASE344,ALT5312,False Positive
CASE345,ALT218,Normal
CASE346,ALT7879,Normal
CASE347,ALT2019,Monitoring
CASE348,ALT3946,Confirmed Fraud
CASE349,ALT6922,False Negative
CASE350,ALT6967,Monitoring
CASE351,ALT4802,Normal
CASE352,ALT1056,Confirmed Fraud
CASE353,ALT1273,Normal
CASE354,ALT3288,Confirmed Fraud
CASE355,ALT2441,Confirmed Fraud
CASE356,ALT3574,Confirmed Fraud
CASE357,ALT5667,Confirmed Fraud
CASE358,ALT2192,Confirmed Fraud
CASE359,ALT497,Monitoring
CASE360,ALT3522,False Negative
CASE361,ALT62,Monitoring
CASE362,ALT7042,Confirmed Fraud
CASE363,ALT5435,Monitoring
CASE364,ALT5382,Confirmed Fraud
CASE365,ALT4111,Confirmed Fraud
CASE366,ALT1388,Confirmed Fraud
CASE367,ALT2501,Confirmed Fraud
CASE368,ALT447,Confirmed Fraud
CASE369,ALT4792,Confirmed Fraud
CASE370,ALT855,Normal
CASE371,ALT120,Confirmed Fraud
CASE372,ALT6688,Confirmed Fraud
CASE373,ALT1705,False Positive
CASE374,ALT1567,False Negative
CASE375,ALT1215,Confirmed Fraud
CASE376,ALT4492,False Negative
CASE377,ALT6171,Confirmed Fraud
CASE378,ALT6600,Normal
CASE379,ALT5106,False Negative
CASE380,ALT3260,False Positive
CASE381,ALT3806,Normal
CASE382,ALT2281,Confirmed Fraud
CASE383,ALT5154,Normal
CASE384,ALT1233,Monitoring
CASE385,ALT3201,Monitoring
CASE386,ALT5008,Confirmed Fraud
CASE387,ALT2703,Confirmed Fraud
CASE388,ALT1730,Confirmed Fraud
CASE389,ALT486,Confirmed Fraud
CASE390,ALT3211,Confirmed Fraud
CASE391,ALT2770,Normal
CASE392,ALT918,Confirmed Fraud
CASE393,ALT6843,Confirmed Fraud
CASE394,ALT1418,Normal
CASE395,ALT4971,Normal
CASE396,ALT3195,Confirmed Fraud
CASE397,ALT2805,False Negative
CASE398,ALT962,Normal
CASE399,ALT2012,Normal
CASE400,ALT4628,Monitoring
CASE401,ALT4753,False Positive
CASE402,ALT4597,Normal
CASE403,ALT3946,Confirmed Fraud
CASE404,ALT4454,Confirmed Fraud
CASE405,ALT482,Confirmed Fraud
CASE406,ALT1968,Confirmed Fraud
CASE407,ALT2508,Confirmed Fraud
CASE408,ALT2282,Confirmed Fraud
CASE409,ALT4495,Confirmed Fraud
CASE410,ALT957,Confirmed Fraud
CASE411,ALT4630,Confirmed Fraud
CASE412,ALT3998,Confirmed Fraud
CASE413,ALT3814,Confirmed Fraud
CASE414,ALT5738,Confirmed Fraud
CASE415,ALT250,Normal
CASE416,ALT4681,Confirmed Fraud
CASE417,ALT1626,Monitoring
CASE418,ALT2822,Confirmed Fraud
CASE419,ALT5081,Normal
CASE420,ALT3678,Normal
CASE421,ALT3735,Confirmed Fraud
CASE422,ALT3797,Confirmed Fraud
CASE423,ALT1670,Confirmed Fraud
CASE424,ALT4704,Normal
CASE425,ALT5122,Monitoring
CASE426,ALT1553,Confirmed Fraud
CASE427,ALT605,Confirmed Fraud
CASE428,ALT7582,Monitoring
CASE429,ALT2731,Normal
CASE430,ALT4532,Monitoring
CASE431,ALT7061,Confirmed Fraud
CASE432,ALT5312,Normal
CASE433,ALT643,Normal
CASE434,ALT1611,Confirmed Fraud
CASE435,ALT5094,Confirmed Fraud
CASE436,ALT3546,Confirmed Fraud
CASE437,ALT1265,Normal
CASE438,ALT80,Normal
CASE439,ALT80,Normal
CASE440,ALT4003,False Negative
CASE441,ALT7690,Confirmed Fraud
CASE442,ALT4886,Confirmed Fraud
CASE443,ALT6172,Confirmed Fraud
CASE444,ALT5472,False Positive
CASE445,ALT465,Confirmed Fraud
CASE446,ALT4770,Confirmed Fraud
CASE447,ALT6502,Normal
CASE448,ALT25,Confirmed Fraud
CASE449,ALT3601,Confirmed Fraud
CASE450,ALT5181,False Positive
CASE451,ALT846,Monitoring
CASE452,ALT797,Confirmed Fraud
CASE453,ALT1992,False Negative
CASE454,ALT922,Normal
CASE455,ALT7821,Normal
CASE456,ALT5873,Normal
CASE457,ALT1011,Confirmed Fraud
CASE458,ALT4283,Confirmed Fraud
CASE459,ALT5081,Normal
CASE460,ALT7720,Monitoring
CASE461,ALT6731,Normal
CASE462,ALT2296,Normal
CASE463,ALT2019,Confirmed Fraud
CASE464,ALT2718,Normal
CASE465,ALT4100,Confirmed Fraud
CASE466,ALT2111,Monitoring
CASE467,ALT6450,False Negative
CASE468,ALT2601,Confirmed Fraud
CASE469,ALT7801,Confirmed Fraud
CASE470,ALT2619,Confirmed Fraud
CASE471,ALT196,Normal
CASE472,ALT7068,Normal
CASE473,ALT4152,Confirmed Fraud
CASE474,ALT3081,False Positive
CASE475,ALT5949,Normal
CASE476,ALT3193,Monitoring
CASE477,ALT6543,Confirmed Fraud
CASE478,ALT7849,Confirmed Fraud
CASE479,ALT3606,Confirmed Fraud
CASE480,ALT907,Confirmed Fraud
CASE481,ALT4682,Monitoring
CASE482,ALT3727,Monitoring
CASE483,ALT5312,Confirmed Fraud
CASE484,ALT626,Normal
CASE485,ALT4957,Confirmed Fraud
CASE486,ALT6535,Normal
CASE487,ALT3358,Confirmed Fraud
CASE488,ALT2117,Normal
CASE489,ALT1624,Confirmed Fraud
CASE490,ALT1208,Confirmed Fraud
CASE491,ALT7906,Confirmed Fraud
CASE492,ALT5930,Confirmed Fraud
CASE493,ALT2573,False Negative
CASE494,ALT354,Confirmed Fraud
CASE495,ALT1645,Confirmed Fraud
CASE496,ALT3067,Confirmed Fraud
CASE497,ALT1981,Confirmed Fraud
CASE498,ALT4427,Monitoring
CASE499,ALT7672,Confirmed Fraud
CASE500,ALT2989,Confirmed Fraud
CASE501,ALT4608,Normal
CASE502,ALT5935,Normal
CASE503,ALT3759,Confirmed Fraud
CASE504,ALT7048,Normal
CASE505,ALT7679,Confirmed Fraud
CASE506,ALT3727,Monitoring
CASE507,ALT1235,Confirmed Fraud
CASE508,ALT6441,Confirmed Fraud
CASE509,ALT278,Confirmed Fraud
CASE510,ALT1596,Normal
CASE511,ALT380,Normal
CASE512,ALT3444,Confirmed Fraud
CASE513,ALT774,False Positive
CASE514,ALT7329,Monitoring
CASE515,ALT729,Normal
CASE516,ALT3640,Confirmed Fraud
CASE517,ALT7946,Confirmed Fraud
CASE518,ALT3445,Normal
CASE519,ALT6109,Normal
CASE520,ALT5675,Confirmed Fraud
CASE521,ALT362,Confirmed Fraud
CASE522,ALT3569,Monitoring
CASE523,ALT1086,Normal
CASE524,ALT554,Confirmed Fraud
CASE525,ALT6817,Confirmed Fraud
CASE526,ALT2506,Confirmed Fraud
CASE527,ALT2146,Confirmed Fraud
CASE528,ALT3223,Confirmed Fraud
CASE529,ALT4377,Confirmed Fraud
CASE530,ALT4101,Normal
CASE531,ALT2792,Confirmed Fraud
CASE532,ALT2539,Confirmed Fraud
CASE533,ALT4662,Confirmed Fraud
CASE534,ALT2302,Normal
CASE535,ALT2691,Confirmed Fraud
CASE536,ALT64,Normal
CASE537,ALT3565,Normal
CASE538,ALT5418,Confirmed Fraud
CASE539,ALT7931,Confirmed Fraud
CASE540,ALT4129,Monitoring
CASE541,ALT7841,False Positive
CASE542,ALT3425,Monitoring
CASE543,ALT2189,Normal
CASE544,ALT5217,Monitoring
CASE545,ALT7846,Normal
CASE546,ALT590,Confirmed Fraud
CASE547,ALT27,Normal
CASE548,ALT6487,Confirmed Fraud
CASE549,ALT6066,Confirmed Fraud
CASE550,ALT3191,Normal
CASE551,ALT1343,Confirmed Fraud
CASE552,ALT4535,Confirmed Fraud
CASE553,ALT2968,Normal
CASE554,ALT2639,Confirmed Fraud
CASE555,ALT5053,Confirmed Fraud
CASE556,ALT5033,Confirmed Fraud
CASE557,ALT365,Normal
CASE558,ALT7178,Normal
CASE559,ALT7267,Confirmed Fraud
CASE560,ALT1635,Monitoring
CASE561,ALT1059,False Negative
CASE562,ALT5183,Confirmed Fraud
CASE563,ALT119,Confirmed Fraud
CASE564,ALT3042,Confirmed Fraud
CASE565,ALT4939,Confirmed Fraud
CASE566,ALT692,Normal
CASE567,ALT1245,Confirmed Fraud
CASE568,ALT2066,Normal
CASE569,ALT3826,Normal
CASE570,ALT7883,Confirmed Fraud
CASE571,ALT7842,Normal
CASE572,ALT6987,Confirmed Fraud
CASE573,ALT1900,Normal
CASE574,ALT6198,Normal
CASE575,ALT7639,Confirmed Fraud
CASE576,ALT2535,Normal
CASE577,ALT2402,Normal
CASE578,ALT7043,Confirmed Fraud
CASE579,ALT6362,Monitoring
CASE580,ALT5283,Confirmed Fraud
CASE581,ALT1024,Normal
CASE582,ALT5035,Confirmed Fraud
CASE583,ALT7205,Confirmed Fraud
CASE584,ALT6055,Confirmed Fraud
CASE585,ALT4187,Normal
CASE586,ALT4258,Normal
CASE587,ALT5944,Normal
CASE588,ALT1213,False Positive
CASE589,ALT5087,Normal
CASE590,ALT4235,False Positive
CASE591,ALT6799,Normal
CASE592,ALT4981,Confirmed Fraud
CASE593,ALT4195,Confirmed Fraud
CASE594,ALT408,Normal
CASE595,ALT3985,Confirmed Fraud
CASE596,ALT6790,Confirmed Fraud
CASE597,ALT1044,Confirmed Fraud
CASE598,ALT5543,Normal
CASE599,ALT2678,Confirmed Fraud
CASE600,ALT7732,Confirmed Fraud
CASE601,ALT6327,Confirmed Fraud
CASE602,ALT2701,Confirmed Fraud
CASE603,ALT340,Confirmed Fraud
CASE604,ALT7858,Normal
CASE605,ALT778,Normal
CASE606,ALT640,Confirmed Fraud
CASE607,ALT7693,Normal
CASE608,ALT3897,Normal
CASE609,ALT4079,Confirmed Fraud
CASE610,ALT6624,Confirmed Fraud
CASE611,ALT930,Monitoring
CASE612,ALT4234,Monitoring
CASE613,ALT6816,Confirmed Fraud
CASE614,ALT6153,Normal
CASE615,ALT2130,Confirmed Fraud
CASE616,ALT2787,Confirmed Fraud
CASE617,ALT7306,Normal
CASE618,ALT825,Normal
CASE619,ALT5479,Confirmed Fraud
CASE620,ALT6614,Confirmed Fraud
CASE621,ALT2396,Confirmed Fraud
CASE622,ALT4204,Confirmed Fraud
CASE623,ALT3260,False Negative
CASE624,ALT7233,Confirmed Fraud
CASE625,ALT5616,Confirmed Fraud
CASE626,ALT312,False Positive
CASE627,ALT5831,Normal
CASE628,ALT6761,Confirmed Fraud
CASE629,ALT7988,False Positive
CASE630,ALT2901,Confirmed Fraud
CASE631,ALT3396,Confirmed Fraud
CASE632,ALT481,Normal
CASE633,ALT4313,Normal
CASE634,ALT3932,Confirmed Fraud
CASE635,ALT7887,Normal
CASE636,ALT7065,False Negative
CASE637,ALT3346,Confirmed Fraud
CASE638,ALT3989,Normal
CASE639,ALT1661,Confirmed Fraud
CASE640,ALT3756,Confirmed Fraud
CASE641,ALT6416,Normal
CASE642,ALT2296,Confirmed Fraud
CASE643,ALT4131,Monitoring
CASE644,ALT5236,Normal
CASE645,ALT243,Confirmed Fraud
CASE646,ALT7456,Confirmed Fraud
CASE647,ALT5592,Confirmed Fraud
CASE648,ALT4271,Normal
CASE649,ALT4132,Normal
CASE650,ALT67,Confirmed Fraud
CASE651,ALT6472,Normal
CASE652,ALT2937,Confirmed Fraud
CASE653,ALT4382,Normal
CASE654,ALT2014,Confirmed Fraud
CASE655,ALT136,False Positive
CASE656,ALT5259,Normal
CASE657,ALT6043,Confirmed Fraud
CASE658,ALT7282,Confirmed Fraud
CASE659,ALT3614,Normal
CASE660,ALT4760,Confirmed Fraud
CASE661,ALT1639,Confirmed Fraud
CASE662,ALT7331,Normal
CASE663,ALT2049,Confirmed Fraud
CASE664,ALT5046,Normal
CASE665,ALT1237,Confirmed Fraud
CASE666,ALT6527,Monitoring
CASE667,ALT7433,Normal
CASE668,ALT1796,Confirmed Fraud
CASE669,ALT4590,Confirmed Fraud
CASE670,ALT294,Normal
CASE671,ALT1443,Confirmed Fraud
CASE672,ALT7088,Confirmed Fraud
CASE673,ALT7390,Confirmed Fraud
CASE674,ALT4280,Confirmed Fraud
CASE675,ALT730,Confirmed Fraud
CASE676,ALT1364,Normal
CASE677,ALT6309,False Negative
CASE678,ALT4881,Confirmed Fraud
CASE679,ALT5764,Normal
CASE680,ALT228,Confirmed Fraud
CASE681,ALT1323,Normal
CASE682,ALT298,Normal
CASE683,ALT6813,Confirmed Fraud
CASE684,ALT2495,False Positive
CASE685,ALT4880,Normal
CASE686,ALT30,Monitoring
CASE687,ALT6599,Normal
CASE688,ALT7293,Normal
CASE689,ALT761,Monitoring
CASE690,ALT6622,Normal
CASE691,ALT3144,Monitoring
CASE692,ALT6422,Monitoring
CASE693,ALT32,Confirmed Fraud
CASE694,ALT6250,Normal
CASE695,ALT753,Confirmed Fraud
CASE696,ALT7343,Normal
CASE697,ALT5239,Confirmed Fraud
CASE698,ALT543,Confirmed Fraud
CASE699,ALT543,Confirmed Fraud
CASE700,ALT2222,Monitoring
CASE701,ALT1526,Confirmed Fraud
CASE702,ALT5616,Confirmed Fraud
CASE703,ALT7742,Monitoring
CASE704,ALT4541,Confirmed Fraud
CASE705,ALT7492,Confirmed Fraud
CASE706,ALT1882,Confirmed Fraud
CASE707,ALT5925,Normal
CASE708,ALT272,Confirmed Fraud
CASE709,ALT3869,Confirmed Fraud
CASE710,ALT7508,False Positive
CASE711,ALT7493,Confirmed Fraud
CASE712,ALT7743,Normal
CASE713,ALT5890,Monitoring
CASE714,ALT5177,Normal
CASE715,ALT5210,Normal
CASE716,ALT5512,Confirmed Fraud
CASE717,ALT5573,False Positive
CASE718,ALT553,Confirmed Fraud
CASE719,ALT936,Confirmed Fraud
CASE720,ALT3134,Confirmed Fraud
CASE721,ALT7546,False Negative
CASE722,ALT6613,Normal
CASE723,ALT5200,Normal
CASE724,ALT1502,False Positive
CASE725,ALT7820,Normal
CASE726,ALT4313,Monitoring
CASE727,ALT5700,Normal
CASE728,ALT1449,Confirmed Fraud
CASE729,ALT1106,Monitoring
CASE730,ALT1162,False Positive
CASE731,ALT6334,Confirmed Fraud
CASE732,ALT3775,Normal
CASE733,ALT4777,Confirmed Fraud
CASE734,ALT7276,Confirmed Fraud
CASE735,ALT7373,Normal
CASE736,ALT6740,Monitoring
CASE737,ALT4490,Monitoring
CASE738,ALT3459,Normal
CASE739,ALT4853,Normal
CASE740,ALT314,Confirmed Fraud
CASE741,ALT5512,Confirmed Fraud
CASE742,ALT5041,Normal
CASE743,ALT2294,Normal
CASE744,ALT7138,Normal
CASE745,ALT3589,Confirmed Fraud
CASE746,ALT6681,Normal
CASE747,ALT4069,Confirmed Fraud
CASE748,ALT4366,Normal
CASE749,ALT7793,Confirmed Fraud
CASE750,ALT6328,Monitoring
CASE751,ALT7695,Monitoring
CASE752,ALT1259,Normal
CASE753,ALT6662,Confirmed Fraud
CASE754,ALT1872,Normal
CASE755,ALT1662,Confirmed Fraud
CASE756,ALT411,Monitoring
CASE757,ALT3978,Monitoring
CASE758,ALT1349,Monitoring
CASE759,ALT2317,Normal
CASE760,ALT4129,Normal
CASE761,ALT4491,Monitoring
CASE762,ALT2711,Confirmed Fraud
CASE763,ALT6393,Normal
CASE764,ALT7445,Confirmed Fraud
CASE765,ALT5149,Confirmed Fraud
CASE766,ALT3198,Confirmed Fraud
CASE767,ALT5964,Confirmed Fraud
CASE768,ALT7533,False Negative
CASE769,ALT6845,Normal
CASE770,ALT1954,Normal
CASE771,ALT3949,False Positive
CASE772,ALT498,Normal
CASE773,ALT541,Confirmed Fraud
CASE774,ALT5575,Confirmed Fraud
CASE775,ALT4008,Normal
CASE776,ALT1180,Normal
CASE777,ALT4742,Confirmed Fraud
CASE778,ALT5235,Normal
CASE779,ALT2994,Normal
CASE780,ALT5900,Confirmed Fraud
CASE781,ALT4656,Monitoring
CASE782,ALT7170,Normal
CASE783,ALT5309,Normal
CASE784,ALT2130,Confirmed Fraud
CASE785,ALT4079,Monitoring
CASE786,ALT6077,Normal
CASE787,ALT1354,Normal
CASE788,ALT6188,Normal
CASE789,ALT1462,Confirmed Fraud
CASE790,ALT1267,Monitoring
CASE791,ALT5502,Confirmed Fraud
CASE792,ALT5581,Confirmed Fraud
CASE793,ALT2955,Confirmed Fraud
CASE794,ALT5730,Normal
CASE795,ALT5038,Monitoring
CASE796,ALT3197,Normal
CASE797,ALT5611,Monitoring
CASE798,ALT5057,Normal
CASE799,ALT6821,Confirmed Fraud
CASE800,ALT2696,Confirmed Fraud
CASE801,ALT4184,Confirmed Fraud
CASE802,ALT6895,Normal
CASE803,ALT6995,False Positive
CASE804,ALT7489,Normal
CASE805,ALT7616,Confirmed Fraud
CASE806,ALT3747,Confirmed Fraud
CASE807,ALT7352,Normal
CASE808,ALT6177,False Negative
CASE809,ALT3471,Normal
CASE810,ALT2449,Normal
CASE811,ALT6032,Normal
CASE812,ALT2662,Confirmed Fraud
CASE813,ALT4174,Confirmed Fraud
CASE814,ALT4322,Normal
CASE815,ALT6792,Normal
CASE816,ALT6499,Confirmed Fraud
CASE817,ALT6633,Confirmed Fraud
CASE818,ALT5267,Normal
CASE819,ALT1396,Confirmed Fraud
CASE820,ALT1988,Normal
CASE821,ALT3935,Confirmed Fraud
CASE822,ALT1616,Monitoring
CASE823,ALT398,False Positive
CASE824,ALT891,Monitoring
CASE825,ALT6868,Confirmed Fraud
CASE826,ALT2270,Confirmed Fraud
CASE827,ALT694,Normal
CASE828,ALT7811,Normal
CASE829,ALT4251,False Negative
CASE830,ALT2860,Monitoring
CASE831,ALT4766,Normal
CASE832,ALT7188,Normal
CASE833,ALT6491,Confirmed Fraud
CASE834,ALT1383,Normal
CASE835,ALT1655,Monitoring
CASE836,ALT4266,Confirmed Fraud
CASE837,ALT5512,Confirmed Fraud
CASE838,ALT1255,Confirmed Fraud
CASE839,ALT6481,Monitoring
CASE840,ALT987,Confirmed Fraud
CASE841,ALT6390,Confirmed Fraud
CASE842,ALT4697,Normal
CASE843,ALT6577,Confirmed Fraud
CASE844,ALT6457,False Positive
CASE845,ALT2130,Confirmed Fraud
CASE846,ALT2386,Confirmed Fraud
CASE847,ALT4141,Confirmed Fraud
CASE848,ALT2701,Normal
CASE849,ALT7618,Confirmed Fraud
CASE850,ALT418,Confirmed Fraud
CASE851,ALT2409,Confirmed Fraud
CASE852,ALT7038,Monitoring
CASE853,ALT851,Confirmed Fraud
CASE854,ALT2766,Confirmed Fraud
CASE855,ALT6242,Confirmed Fraud
CASE856,ALT5371,Confirmed Fraud
CASE857,ALT6263,Confirmed Fraud
CASE858,ALT2454,False Positive
CASE859,ALT443,Monitoring
CASE860,ALT3620,Normal
CASE861,ALT7201,Confirmed Fraud
CASE862,ALT4400,Normal
CASE863,ALT5957,Normal
CASE864,ALT1486,Confirmed Fraud
CASE865,ALT5794,Confirmed Fraud
CASE866,ALT5359,Confirmed Fraud
CASE867,ALT4185,False Positive
CASE868,ALT2628,Normal
CASE869,ALT2664,Confirmed Fraud
CASE870,ALT3713,Confirmed Fraud
CASE871,ALT3733,Confirmed Fraud
CASE872,ALT1993,Normal
CASE873,ALT4732,False Negative
CASE874,ALT7733,Normal
CASE875,ALT1924,False Negative
CASE876,ALT593,Confirmed Fraud
CASE877,ALT1524,False Negative
CASE878,ALT6722,Normal
CASE879,ALT7593,Normal
CASE880,ALT3126,Confirmed Fraud
CASE881,ALT6160,Confirmed Fraud
CASE882,ALT5512,False Negative
CASE883,ALT2852,Confirmed Fraud
CASE884,ALT5398,Normal
CASE885,ALT5670,Confirmed Fraud
CASE886,ALT1392,Confirmed Fraud
CASE887,ALT1280,Confirmed Fraud
CASE888,ALT2096,Monitoring
CASE889,ALT6282,Normal
CASE890,ALT1763,Normal
CASE891,ALT4512,Monitoring
CASE892,ALT6643,Confirmed Fraud
CASE893,ALT7461,Confirmed Fraud
CASE894,ALT6620,Monitoring
CASE895,ALT2230,Normal
CASE896,ALT3292,Confirmed Fraud
CASE897,ALT4129,Confirmed Fraud
CASE898,ALT1374,False Negative
CASE899,ALT5066,Confirmed Fraud
CASE900,ALT2612,Confirmed Fraud
CASE901,ALT6413,Confirmed Fraud
CASE902,ALT1846,False Positive
CASE903,ALT1432,False Positive
CASE904,ALT1540,Confirmed Fraud
CASE905,ALT6502,Confirmed Fraud
CASE906,ALT2503,Confirmed Fraud
CASE907,ALT918,False Positive
CASE908,ALT4935,Confirmed Fraud
CASE909,ALT7247,False Positive
CASE910,ALT5159,False Negative
CASE911,ALT5742,Confirmed Fraud
CASE912,ALT4823,Confirmed Fraud
CASE913,ALT3773,Monitoring
CASE914,ALT87,Confirmed Fraud
CASE915,ALT2755,Confirmed Fraud
CASE916,ALT6383,Normal
CASE917,ALT7312,Normal
CASE918,ALT3128,Confirmed Fraud
CASE919,ALT7693,Confirmed Fraud
CASE920,ALT4924,Confirmed Fraud
CASE921,ALT4181,Normal
CASE922,ALT7240,False Negative
CASE923,ALT7285,False Positive
CASE924,ALT619,Confirmed Fraud
CASE925,ALT3571,Normal
CASE926,ALT3671,Confirmed Fraud
CASE927,ALT5421,Confirmed Fraud
CASE928,ALT7768,Confirmed Fraud
CASE929,ALT7416,False Negative
CASE930,ALT5560,Confirmed Fraud
CASE931,ALT5422,Normal
CASE932,ALT6325,Monitoring
CASE933,ALT877,Normal
CASE934,ALT5139,False Negative
CASE935,ALT3401,Normal
CASE936,ALT2308,Normal
CASE937,ALT829,Confirmed Fraud
CASE938,ALT1410,Confirmed Fraud
CASE939,ALT7520,False Negative
CASE940,ALT3410,Confirmed Fraud
CASE941,ALT2395,Monitoring
CASE942,ALT3417,Confirmed Fraud
CASE943,ALT7192,Normal
CASE944,ALT3602,Confirmed Fraud
CASE945,ALT2335,Confirmed Fraud
CASE946,ALT3924,False Positive
CASE947,ALT2789,Normal
CASE948,ALT5656,Monitoring
CASE949,ALT7796,Confirmed Fraud
CASE950,ALT852,Normal
CASE951,ALT773,Confirmed Fraud
CASE952,ALT7739,Normal
CASE953,ALT3721,Normal
CASE954,ALT5560,False Negative
CASE955,ALT3949,Confirmed Fraud
CASE956,ALT349,Confirmed Fraud
CASE957,ALT6599,Normal
CASE958,ALT1576,Normal
CASE959,ALT5148,Confirmed Fraud
CASE960,ALT1766,Confirmed Fraud
CASE961,ALT556,Normal
CASE962,ALT6949,False Negative
CASE963,ALT3069,Confirmed Fraud
CASE964,ALT5794,Confirmed Fraud
CASE965,ALT382,Normal
CASE966,ALT2114,Confirmed Fraud
CASE967,ALT4257,Normal
CASE968,ALT6650,Confirmed Fraud
CASE969,ALT7862,Confirmed Fraud
CASE970,ALT4177,Confirmed Fraud
CASE971,ALT5052,Confirmed Fraud
CASE972,ALT7233,Confirmed Fraud
CASE973,ALT3955,Confirmed Fraud
CASE974,ALT4671,Confirmed Fraud
CASE975,ALT2097,Confirmed Fraud
CASE976,ALT6869,Normal
CASE977,ALT2886,Normal
CASE978,ALT2231,Confirmed Fraud
CASE979,ALT2263,Normal
CASE980,ALT6472,Monitoring
CASE981,ALT1105,Confirmed Fraud
CASE982,ALT4549,Confirmed Fraud
CASE983,ALT6020,False Negative
CASE984,ALT4224,Normal
CASE985,ALT5163,False Negative
CASE986,ALT50,Confirmed Fraud
CASE987,ALT5854,Normal
CASE988,ALT6032,Normal
CASE989,ALT3561,False Positive
CASE990,ALT3658,Confirmed Fraud
CASE991,ALT191,Confirmed Fraud
CASE992,ALT4469,Confirmed Fraud
CASE993,ALT6430,Monitoring
CASE994,ALT3078,Normal
CASE995,ALT2578,Confirmed Fraud
CASE996,ALT6503,Confirmed Fraud
CASE997,ALT7225,Confirmed Fraud
CASE998,ALT3081,Confirmed Fraud
CASE999,ALT3000,Confirmed Fraud
